Müller, Hans, 67742 Lauterecken, 1
Petersen, Peter, 18439 Stralsund, 2
Johnsen, Johnny, 88888 Ausgedacht, 3
Millenium, Milly, 77777 Auch ausgedachtm, 4
Name, FirstName, 12345 Somewhere, 5
Wenzel, Marvin Lukas, 14770 Brandenburg/Havel, 6
What,ever, 32154  Spaces MixedUp, 7
Müller, Hans, 67742 Lauterecken, 45
Müller, Hans, 67742 Lauterecken, 1
Petersen, Peter, 1a39 Stralsund, 2
Petersen, Peter, 18849 Stralsund, 2
What,ever, 354  Spaces MixedUp, 7
Wenzel, Marvin Lukas, 14770 Brandenburg/Havel, 6
What,ever, 32154  Spaces MixedUp, 7
Wenzel, Marvin Lukas, 14770 Brandenburg/Havel, 6
What,, 32a154  Spaces MixedUp, 0
Johnsen, Johnny, 88888 Ausgedacht, 3
Millenium, Milly, 77777 Auch ausgedachtm, 4
Name, FirstName, 12345 Somewhere, 5
Wenzel, Marvin Lukas, 14770 Brandenburg/Havel, 6
What,ever, 32154  Spaces MixedUp, 8
What,ever, 32154  Spaces MixedUp, 7
Wenzel, Marvin Lukas, 14770 Brandenburg/Havel, 6
What,ever, 32154  Spaces MixedUp, 7
Wenzel, Marvin Lukas, 14770 Brandenburg/Havel, 6Müller, Hans, 67742 Lauterecken, 1
Petersen, Peter, 1839 Stralsund, 2
Petersen, Peter, 18439 Stralsund, 2
What,ever, 32154  Spaces MixedUp, 7
Müller, Hans, 67742 Lauterecken, 1
Petersen, Peter, 188439 Stralsund, 2
Pet445561ersen, Peter, 188439 Stralsund, 2
What,ever, 32154  Spaces MixedUp, 7 Wenzel, Marvin Lukas, 14770 Brandenburg/Havel, 6 What,ever, 32154  Spaces MixedUp, 7 Wenzel, Marvin Lukas, 14770 Brandenburg/Havel, 6 What,ever, 32154  Spaces MixedUp, 7 Johnsen, Johnny, 88888 Ausgedacht, 3 Millenium, Milly, 77777 Auch ausgedachtm, 4
Name, FirstName, 12345 Somewhere, 9
Wenzel, Marvin Lukas, 14770 Brandenburg/Havel, 6
What,ever, 32154  Spaces MixedUp, 7
What,ever, 32154  Spaces MixedUp, 7
Wenzel, Marvin Lukas, 14770 Brandenburg/Havel, 6
What,ever, 32154  Spaces MixedUp, 7
Wenzel Marvin Lukas, 14770 Brandenburg/Havel, 6
What ever  32154  Spaces MixedUp, 7
Johnsen, Johnny, 88888 Ausgedacht, 3
Millenium, Milly, 77777 Auch ausgedachtm, 4
Name, FirstName; 12345 Somewhere, 5
